{"accuracy": [0.5969414710998535, 0.8641723990440369, 0.9153709411621094, 0.9431822896003723, 0.9557009935379028], "loss": [1.3711553812026978, 0.4292795956134796, 0.26193663477897644, 0.17525885999202728, 0.135980486869812], "val_accuracy": [0.8468586206436157, 0.9077509641647339, 0.9378556609153748, 0.9498065114021301, 0.92909175157547], "val_loss": [0.48255959153175354, 0.2850801944732666, 0.18949063122272491, 0.15128503739833832, 0.22388622164726257]}